problem,paper_problem,method,evaluation_grid,n,mean,std,ddof
f01,F1,gp_de,128x128,10,1.5784249579928598,0.4253668468117857,0
f01,F1,pigp_de,128x128,10,3.436896083195232,2.0745214422892846,0
f01,F1,pinn_de,128x128,10,1.3184638304501028,0.3301209995468193,0
f01,F1,rbfn_de,128x128,10,1.740165437388709,0.3459694866078388,0
f01,F1,mlp_de,128x128,10,1.3356289391920422,0.3591443961147745,0
f01,F1,pino_de,64x64,10,0.5101692151250788,0.1903393049250553,0
f02,F2,gp_de,128x128,10,222.9444019524986,88.96682600392538,0
f02,F2,pigp_de,128x128,10,875.0593198608852,767.1322710016301,0
f02,F2,pinn_de,128x128,10,31.828325688374946,13.242458982735062,0
f02,F2,rbfn_de,128x128,10,369.1158205416951,79.06280283676847,0
f02,F2,mlp_de,128x128,10,428.3693300838123,246.28536734316447,0
f02,F2,pino_de,64x64,10,7.924200642585246,0.40593117600893575,0
f03,F3,gp_de,128x128,10,4.838939465270977,0.5796312858413502,0
f03,F3,pigp_de,128x128,10,25.901813129713503,43.71856757612603,0
f03,F3,pinn_de,128x128,10,0.29102696592603505,0.04787311862289198,0
f03,F3,rbfn_de,128x128,10,50.541845963069704,99.33134015508118,0
f03,F3,mlp_de,128x128,10,1798.0154579817583,5162.857329034312,0
f03,F3,pino_de,64x64,10,0.7322678623913557,0.12564554960055252,0
f04,F4,gp_de,128x128,10,3.274266780932495,0.6630610619012036,0
f04,F4,pigp_de,128x128,10,311.3342912916656,476.920400369902,0
f04,F4,pinn_de,128x128,10,0.07317349494039624,0.03804382163350536,0
f04,F4,rbfn_de,128x128,10,4.243240521080847,1.2319142046154927,0
f04,F4,mlp_de,128x128,10,1.5797686875753976,0.5652047998754791,0
f04,F4,pino_de,64x64,10,0.05364062970976689,0.00404910475925013,0
f05,F5,gp_de,128x128,10,3.331749626736117,1.2458582711249353,0
f05,F5,pigp_de,128x128,10,14.574596037678727,11.90071179437721,0
f05,F5,pinn_de,128x128,10,0.32450909942475,0.23494842777421435,0
f05,F5,rbfn_de,128x128,10,4.662745478685706,1.1243725119184198,0
f05,F5,mlp_de,128x128,10,3.7079744275598827,3.0044462155484886,0
f05,F5,pino_de,64x64,10,0.007693567603685282,0.00043003646089501433,0
f06,F6,gp_de,128x128,10,0.3162237277913794,0.08461944598196432,0
f06,F6,pigp_de,128x128,10,0.3631135131994213,0.3845231697879816,0
f06,F6,pinn_de,128x128,10,0.0040430766204930055,0.00096009607925659,0
f06,F6,rbfn_de,128x128,10,0.29007252869312344,0.04934243471585965,0
f06,F6,mlp_de,128x128,10,0.03429454730479888,0.007769364018956593,0
f06,F6,pino_de,64x64,10,0.0008707042816376006,8.893519404461882e-05,0
f07,F7,gp_de,128x128,10,364.06150282921305,0.3173223127884842,0
f07,F7,pigp_de,128x128,10,781.8129745057072,285.33870910665763,0
f07,F7,pinn_de,128x128,10,44.011537689356125,31.460693000498548,0
f07,F7,rbfn_de,128x128,10,369.1295110481786,3.7788549738711485,0
f07,F7,mlp_de,128x128,10,389.0635025275466,29.89829868997217,0
f07,F7,pino_de,64x64,10,37.48021488983839,0.004919060942345139,0
f08,F8,gp_de,128x128,10,275.36106665970874,233.5826840859083,0
f08,F8,pigp_de,128x128,10,77.8474747539757,19.02546383564506,0
f08,F8,pinn_de,128x128,10,23.718600256954993,3.7001369048882866,0
f08,F8,rbfn_de,128x128,10,281.9089991605048,335.67435624100534,0
f08,F8,mlp_de,128x128,10,844.6731579192207,704.3257339074393,0
f08,F8,pino_de,64x64,10,16.125444467592565,3.9730675685683616,0
f09,F9,gp_de,128x128,10,0.07755470353467611,0.06931433454246683,0
f09,F9,pigp_de,128x128,10,0.4106517127211135,0.3875244700150274,0
f09,F9,pinn_de,128x128,10,0.04149697351377241,0.006716133419913536,0
f09,F9,rbfn_de,128x128,10,0.7714501187362907,0.19134073167110863,0
f09,F9,mlp_de,128x128,10,1.124078939674926,0.6837251699342362,0
f09,F9,pino_de,64x64,10,0.22859859201205168,0.18307156527986523,0
f10,F10,gp_de,128x128,10,0.5987653696287504,0.5086917342400382,0
f10,F10,pigp_de,128x128,10,0.6435624817674677,0.23212131664956895,0
f10,F10,pinn_de,128x128,10,0.37749698190061387,0.07046404501380894,0
f10,F10,rbfn_de,128x128,10,1.109852249236178,0.25987265210154986,0
f10,F10,mlp_de,128x128,10,1.8378979191816434,2.1521617313067707,0
f10,F10,pino_de,64x64,10,0.31761240472181995,0.24637479080494457,0
f11,F11,gp_de,128x128,10,1.066654249468422,0.018868789567597636,0
f11,F11,pigp_de,128x128,10,0.9849166020479487,0.11908395510613118,0
f11,F11,pinn_de,128x128,10,0.023470452715873134,0.0037349291809630693,0
f11,F11,rbfn_de,128x128,10,1.1432659642654206,0.03771355154467328,0
f11,F11,mlp_de,128x128,10,1.2715372029415444,0.14726158565756578,0
f11,F11,pino_de,64x64,10,0.010367651700740662,0.0037915488332608575,0
